id;firstname;lastname;yearOfBirth;city
1;Brennan;Oneill;1998;Bucaramanga
2;Castor;Cooper;2009;Burcht
3;Peter;Harrington;1987;Ellon
4;Ivan;Jensen;1999;Langley
5;Vernon;Fitzpatrick;1992;Griesheim
6;Anika;Mclaughlin;1998;Baletre
7;Ignatius;Mullen;1988;Champlain
8;Peter;Johns;1987;Villa del Rosario
9;Reuben;Hopper;1986;Cortil-Noirmont
10;Jacob;Joyner;2009;Neuss
11;Russell;Cortez;2001;Dunkerque
12;Erich;Harper;2006;Tuxtla Gutiérrez
13;Rebekah;Albert;1997;Omal
14;Chastity;Padilla;2007;Floriffoux
15;Riley;Hartman;1987;Innisfail
16;Patrick;Preston;1995;Dehradun
17;Hamilton;Nicholson;2000;Saint-Pierre
18;Jasmine;Pitts;1997;Jayapura
19;Norman;Lyons;1996;Sluizen
20;Amaya;Hawkins;1997;Québec City
21;Lev;Golden;2004;Bellevue
22;Walter;Barrera;2004;Schwerin
23;Shoshana;Prince;2010;Kozhikode
24;Lucian;Hendricks;1989;Kozhikode
25;Vladimir;Castaneda;1994;Momignies
26;Nash;Wagner;2000;Rattray
27;Zephania;Cooper;1995;Bouge
28;Colton;Mcgowan;1986;Bhilai
29;Ferris;Davis;2010;Multan
30;Kyra;Lambert;2008;Zuienkerke
31;Hall;Ware;2010;Belgrave
32;Rogan;Maynard;1997;Huppaye
33;Hyacinth;Velasquez;2000;Kolomna
34;Marshall;Harrington;1992;Monstreux
35;MacKensie;Reyes;2009;Cottbus
36;Karleigh;Hicks;1992;Duffel
37;Macaulay;Lyons;1990;Issime
38;Alma;Logan;1992;Contulmo
39;Libby;Mcgowan;1993;Alacant
40;Zelda;Salazar;1992;Montemilone
41;Madeson;Sims;1989;Busan
42;Haley;Morris;2002;Campli
43;Hector;Garcia;1994;Pereto
44;Camille;Jenkins;1990;Antuco
45;Ferris;Vang;1995;Montelupo Fiorentino
46;Deborah;Howe;1993;Cannalonga
47;Cadman;Rich;1992;Umbertide
48;Meghan;Fuller;1988;Liers
49;Hilary;Cleveland;2001;Fokino
50;Maxine;Doyle;1986;Secunderabad
51;Yvonne;Mcknight;2005;Minneapolis
52;Paul;Ruiz;2001;San Vicente
53;Martina;Fox;1991;La Cruz
54;Paki;Moody;1987;Llaillay
55;Dieter;Anderson;1990;Davangere
56;Naomi;Allison;2004;Cairns
57;Harriet;Hensley;2008;Parndorf
58;Damian;Middleton;1996;Broken Hill
59;Dillon;Velez;1990;Popayán
60;Amity;Alford;2002;Vidisha
61;Emerald;Forbes;2003;Bad Hersfeld
62;Jackson;Rosales;2001;Valladolid
63;Brent;Solomon;1995;Tongrinne
64;Neil;Reilly;1994;Ellesmere Port
65;Brett;Foster;1990;Juneau
66;Mufutau;Flores;1993;Sint-Amandsberg
67;Lucas;Mercer;1999;Garbsen
68;Cynthia;Barnes;1989;Cervinara
69;Paloma;Aguirre;1988;Tiel
70;Odette;Koch;2003;Daegu
71;Tanner;Haynes;2010;Tomé
72;Blossom;Wallace;1991;Brye
73;Rylee;Neal;1991;Tramatza
74;Trevor;Bradford;1988;Bijapur
75;Ann;Cash;1987;Gargazzone/Gargazon
76;Rhonda;Murphy;1992;San Felipe
77;Allistair;Cash;2007;Murwara
78;Lawrence;Simmons;1991;Castellina in Chianti
79;Flavia;Ware;1985;Kirov
80;Paul;Macdonald;1999;Marzabotto
81;Sybil;Serrano;1985;Ceppaloni
82;Preston;Beck;1992;Vollezele
83;Rudyard;Atkins;1996;Wrigley
84;Buckminster;Oneil;1995;North Cowichan
85;Yoko;Mckinney;1995;Eisenstadt
86;Abigail;Rodgers;1993;Fort Smith
87;Jordan;Mcintosh;2008;Oliver
88;Hilary;Patel;1997;Walhain-Saint-Paul
89;Ursula;Heath;2006;Harlech
90;Alvin;Todd;1996;Labico
91;Yoko;Moody;2006;Yeoju
92;Hayfa;Tucker;1999;Rea
93;Xavier;Berry;1993;Pontevedra
94;Jermaine;Mooney;2002;Salzburg
95;Chaim;Gamble;2000;Inírida
96;Candice;Leach;2008;Wismar
97;Brent;Knight;2001;Bengkulu
98;Lael;Cervantes;1991;Dworp
99;Kato;Blackburn;2001;Verona
100;Quinn;Guy;1999;Derby